Word,Count
/,3557
the,1218
The,1014
<param,813
</param>,805
<summary>,780
</summary>,780
a,543
to,528
<returns>,409
</returns>,409
vector,340
of,339
for,277
matrix,275
in,275
new,271
is,261
destination,229
if,213
source,204
and,195
be,181
Gets,176
value,176
this,147
from,131
or,131
Creates,119
\name="\destination"\>\,102
created,98
\name="\source"\>\,97
NULL,90
by,82
A,81
colour,80
This,78
quaternion,76
Deconstructor,70
result,69
into,69
Sets,66
that,64
left,62
-,62
places,61
aabb,61
right,59
=,58
used,58
on,57
two,56
number,55
module,54
between,54
data,52
length,52
If,52
current,49
\name="\right"\>\,48
will,48
point,48
\name="\left"\>\,48
shader,46
image,45
framework,45
values,44
with,43
load,43
texture,43
Loads,42
position,42
time,42
model,40
display,40
we,39
get,39
it,38
one,36
instance,34
uniform,34
an,33
at,32
file,32
all,32
are,32
as,31
+,31
string,31
first,30
object,30
not,30
each,30
OpenGL,29
Constructor,29
so,29
joystick,29
name,29
builder,28
use,28
event,27
distance,27
out,27
array,26
end,26
second,26
set,26
being,26
amount,26
vectors,25
Y,25
fix,25
can,24
axis,24
components,24
///,24
fbo,24
scale,23
rotation,23
no,23
{@code,23
only,23
},23
driver,23
has,23
{,23
discard,23
other,23
type,23
FBO,22
X,22
support,22
buffer,22
frustum,22
delta,21
squared,21
camera,21
height,20
but,20
pixels,20
renderer,20
when,20
0,20
Z,20
x,20
\name="\name"\>\,19
view,19
width,19
y,19
\name="\x"\>\,19
after,19
corner,19
which,18
3D,18
\name="\y"\>\,18
float,18
GLFW,18
together,18
start,18
you,17
\name="\b"\>\,17
should,17
*,17
size,17
filter,17
identity,17
using,17
points,17
code,16
window,16
samples,16
input,16
function,16
files,16
cameras,16
up,16
alpha,16
need,16
button,16
mouse,16
have,16
return,16
test,16
just,15
angle,15
this->,15
max,15
seconds,15
uniforms,15
light,15
order,15
rendered,15
2,15
error,15
existing,15
space,15
ID,15
another,15
shape,15
pixel,15
Negates,14
4,14
coords,14
\name="\value"\>\,14
loading,14
bits,14
some,14
check,14
textures,14
Start,14
RGBA,14
maximum,14
distanceSquared,14
3,13
output,13
lowest,13
PNG,13
\name="\a"\>\,13
bytes,13
determinant,13
simple,13
Scales,13
How,13
buttons,13
class,13
read,13
mouses,13
VAO,12
convert,12
--,12
2);,12
jpeg,12
queue,12
depth,12
whether,12
ray,12
factor,12
scaled,12
\name="\n_args"\>\,12
per,12
any,12
Adds,12
bug,12
zero,12
do,12
request,12
-=,12
screen,12
RLE,12
channel,12
corners,12
interleaved,12
post,12
Offsets,12
world,12
add,12
Calculates,12
coord,12
\name="\z"\>\,12
header,12
origin,12
triangle,11
Returns,11
render,11
SIMPLEX,11
bound,11
component,11
integer,11
compute,11
<,11
updates,11
transformation,11
added,11
where,11
then,11
mode,11
total,11
sphere,11
//,11
processor,11
images,11
callbacks,11
cell,11
1,11
inital,11
RGB,11
\name="\..."\>\,11
many,11
int,11
than,11
it's,10
next,10
plane,10
was,10
represents,10
>,10
loaded,10
index,10
Read,10
centre,10
master,10
been,10
simplex,10
more,10
step,10
noise,10
through,10
Updates,10
,10
zlib,10
memory,10
there,10
\"\\,10
interval,10
last,10
attenuation,10
specified,10
decode,10
called,10
palette,10
z,10
scalar,10
min,10
\logger::get()->log("\Flounder\,10
color,10
(seconds),9
enabled,9
marker,9
colours,9
currently,9
Amount,9
Multiplies,9
\matrix,\,9
huffman,9
interface,9
\name="\r"\>\,9
\name="\point1"\>\,9
keyboard,9
JPEG,9
\name="\g"\>\,9
default,9
\name="\str"\>\,9
requests,9
4D,9
intersection,9
\name="\scalar"\>\,9
==,9
Holds,9
always,9
\name="\point2"\>\,9
0;,9
translation,9
player,9
vector3,9
clear,9
create,9
req_comp,9
much,9
can't,9
Normalizes,9
matrices,9
bind,8
else,8
random,8
8,8
way,8
\name="\position"\>\,8
I,8
same,8
their,8
R,8
contained,8
we're,8
=>,8
implementation,8
run,8
png,8
Represents,8
interest,8
smooth,8
HDR,8
fog,8
B,8
now,8
8-bit,8
range,8
dot,8
timer,8
down,8
doesn't,8
skip,8
checked,8
token,8
G,8
we'll,8
cases,8
back,8
case,8
define,8
axes,8
offset,7
n,7
cursor,7
updater,7
Should,7
pressed,7
Renders,7
indices,7
how,7
4x4,7
minor,7
equivalent,7
rows,7
table,7
contributions,7
\this,\,7
shaders,7
0),7
null,7
before,7
TGA,7
final,7
allow,7
since,7
char,7
extension,7
displays,7
update,7
constant,7
16,7
means,7
initialize,7
collider,7
false,7
Converts,7
even,7
Subtracts,7
side,7
row,7
don't,7
inverted,6
extract,6
triggered,6
matrix3x3,6
every,6
\name="\vector"\>\,6
\name="\rotation"\>\,6
bug:,6
Disables,6
given,6
shift,6
iPhone,6
results,6
\name="\scale"\>\,6
element,6
fixes,6
..,6
managing,6
like,6
w,6
info,6
block,6
fast,6
functions,6
STBI_NO_HDR,6
calculated,6
stored,6
antialiasing,6
Inverts,6
amounts,6
loader,6
\(x,y,z,w)\,6
&&,6
decoding,6
id,6
Enables,6
Our,6
movement,6
rendering,6
these,6
BMP,6
Is,6
list,6
projection,6
intersect,6
basic,6
largest,6
needed,6
\aabb,\,6
(SpartanJ),6
them,6
write,6
extra,6
blank,6
product,6
your,6
2D,6
make,6
single,6
determine,6
bit,6
remove,6
matrix4x4,6
types,6
resource,6
updating,6
Set,6
flounder.space,6
\name="\id"\>\,6
version,6
key,6
method,6
\name="\length"\>\,6
symbol,6
gradient,6
line,6
limit,6
*comp,6
events,6
verson,6
&,6
\components,\,6
TODO:,6
both,6
Binds,6
\name="\w"\>\,6
vector4,6
GIF,6
processed,6
reserved,6
\name="\colour"\>\,6
conversion,6
unit,6
location,6
To,6
process,6
target,6
disables,5
what,5
failure,5
attachments,5
linear,5
actual,5
would,5
Run,5
formats,5
fps,5
information,5
four,5
grey,5
2x2,5
i,5
context,5
Interface,5
normalized,5
initial,5
passed,5
third,5
blocks,5
deferred,5
because,5
Nicolas,5
wave,5
removed,5
off,5
call,5
Transforms,5
cubemap,5
matrix2x2,5
fullscreen,5
Calculate,5
three,5
\name="\angle"\>\,5
must,5
requires,5
they,5
store,5
For,5
!STBI_NO_STDIO,5
(e.g,5
parameters,5
its,5
contains,5
change,5
delete,5
initialized,5
C++,5
\(x,y,z)\,5
draw,5
\(i,j,k)\,5
stream,5
0..255,5
see,5
virtual,5
handle,5
tokens,5
!=,5
True,5
path,5
otherwise,5
peak,5
effect,5
provided,5
joysticks,5
buffers,5
warning,5
away,5
dimensions,5
vector2,5
multiple,5
major,5
pipeline,5
along,5
errors,5
Translates,5
allowed,5
intermediate,5
MSAA,5
selected,5
const,5
\name="\end"\>\,5
standards,5
Left,5
actually,5
\name="\start"\>\,5
rotate,4
possible,4
public,4
\name="\type"\>\,4
system,4
partially,4
coordinate,4
threadsafe,4
true,4
IJG,4
\name="\min"\>\,4
\data,\,4
spheres,4
that's,4
constants,4
value},4
Transpose,4
Turns,4
offers,4
\y=yaw,\,4
vertex,4
Rotates,4
switch,4
disable,4
reading,4
players,4
0s,4
IDCT,4
\name="\builder"\>\,4
PSD,4
flag,4
\name="\translation"\>\,4
\(MSVC6,\,4
scan,4
certain,4
windows,4
stretched,4
far,4
renders,4
baseline,4
until,4
-1,4
most,4
done,4
keys,4
antialiased,4
automatically,4
0-1,4
(2010-08-01),4
255,4
turn,4
we've,4
radius,4
few,4
hashed,4
found,4
3d,4
\name="\samples"\>\,4
\name="\onEvent"\>\,4
Schulz,4
attempt,4
////////////////////////////////////////////////////////////////////////////,4
\name="\token"\>\,4
Generates,4
too,4
less,4
Translation,4
\1,\,4
force,4
\file,\,4
domain,4
\name="\height"\>\,4
*************************************************************************************************,4
already,4
creating,4
restart,4
XYZ,4
\creation,\,4
\name="\convert"\>\,4
around,4
handling,4
move,4
compound,4
0-255,4
*destination),4
\name="\radius"\>\,4
faster,4
objects,4
wireframe,4
Sean,4
spec,4
tga,4
offsets,4
Resets,4
std::to_string(lightsLoaded),4
Skip,4
sure,4
containing,4
\world,\,4
antialias,4
leak,4
generate,4
copy,4
Data,4
que,4
byte,4
sample,4
Checks,4
processing,4
destruction,4
padding,4
Divides,4
#,4
\x=pitch,\,4
avoid,4
hidden,4
radians,4
connected,4
things,4
corrupt,4
Noise,4
configure,4
sine,4
uses,4
\name="\width"\>\,4
indexed,4
outputs,4
z=roll,4
engine,4
\(x,y)\,4
\"\]"\,\,4
find,4
attributes,4
<seealso,4
stretch,4
contribution,3
GPU,3
exact,3
want,3
decoder,3
attachment,3
starting,3
blending,3
format,3
representing,3
floats,3
title,3
returns,3
\name="\max"\>\,3
Clears,3
static,3
tested,3
helper,3
Toggles,3
min},3
\name="\constant"\>\,3
warnings,3
API,3
filtering,3
\name="\player"\>\,3
\name="\viewMatrix"\>\,3
times,3
Unbinds,3
valid,3
\name="\camera"\>\,3
\0.0f,\,3
once,3
calling,3
upsampling,3
\vectors,\,3
m_maxExtents->m_x),3
near,3
\loop,\,3
NOT,3
round,3
premultiplied,3
negated,3
===========================================================================,3
initialised,3
count,3
custom,3
Janez,3
quaternions,3
Tests,3
Version:,3
Seddon,3
occurred,3
never,3
Framework,3
got,3
rewind,3
Barrett,3
i++),3
normal,3
Unskew,3
Prepares,3
Point,3
Skew,3
task,3
\name="\vaoID"\>\,3
Initialize,3
Transposes,3
(sphere->getPosition()->m_x,3
\name="\projectionMatrix"\>\,3
reverted,3
improvements,3
\PNG,\,3
Fixes,3
Thatcher,3
keep,3
instead,3
explicitly,3
\name="\bankID"\>\,3
\contained,\,3
interlaced,3
won't,3
executable,3
entropy,3
standard,3
good,3
Rotate,3
here,3
\name="\request"\>\,3
rgb,3
usage,3
invalid,3
bounds,3
I/O,3
Dave,3
work,3
compiling,3
Lienher,3
GL,3
aabb->getMinExtents()->x),3
\name="\matrix"\>\,3
\name="\glLength"\>\,3
again,3
\case,\,3
N,3
avoids,3
appear,3
uncompressed,3
STBI_NO_STDIO,3
performance,3
<<,3
aspect,3
top,3
program,3
||,3
9,3
1's,3
\name="\interval"\>\,3
img_n,3
everything,3
Extension,3
PIC,3
Pocheville,3
max},3
had,3
Perlin,3
wheel,3
within,3
without,3
repeat,3
old,3
ratio,3
interpolation,3
Maximum,3
arbitrary,3
over,3
outside,3
reverse,3
smallest,3
@OPTIMIZE:,3
distances,3
VSync,3
fully,3
c,3
various,3
Jean-Marc,3
\[-1,1]\,3
bugfixes,3
released,3
look,3
malloc,3
resample,3
aabb->getMaxExtents()->x),3
\(x,y,z),\,3
failed,3
\name="\glMode"\>\,3
Class,3
\0,\,3
edges,3
bgr,3
\name="\other"\>\,3
See,3
five,3
correct,3
raw,3
does,3
plus,3
special,3
MCUs,3
XY,3
pointer,3
Tom,3
24,3
allows,3
(m_position->x,3
\"\SIMPLEX"\\,3
GLuint,3
accelerate,3
2's,3
\bits,\,3
bounding,3
By,3
Work,3
convert_format,3
Takes,3
m_minExtents->m_x),3
\name="\file"\>\,3
Render,3
fixed,3
colorspace,3
Jonathan,3
fade,3
3x3,3
Get,3
\4,\,3
creation,3
Interpolate,3
Check,3
\non-zero,\,3
applied,3
\stream,\,3
lights,3
puts,3
about,3
non-interleaved,3
m_loaded->at(vaoID).push_back(result);,3
windowed,3
\(i,j)\,3
there's,3
transposed,3
JFIF,2
\cref="\#run()"\/>\,2
2d,2
pow(sphere->getPosition()->m_y,2
Fix,2
non,2
stbi_info,2
\name="\exponent"\>\,2
\paletted,\,2
wrong,2
calculation,2
\green,\,2
\name="\minExtents"\>\,2
Image,2
entity,2
created.</param>,2
whitespace,2
0.98,2
+=,2
\defined,\,2
components),2
seems,2
stb_jpeg:,2
\pixels,\,2
\wrapping,\,2
\data),\,2
loaders,2
-0.047,2
\name="\linear"\>\,2
1998:,2
Button,2
Radiance,2
Moore,2
border,2
adds,2
sense,2
scissor,2
components;,2
smoothly,2
e.g,2
permutation,2
Gomila),2
filesize,2
let,2
split,2
ability,2
nice,2
exponent,2
\name="\fbo"\>\,2
macOS,2
Softimage,2
\name="\distance"\>\,2
Colour,2
James,2
Zero,2
Call,2
scan_n,2
sizeof(GLfloat),2
folder,2
Interpolates,2
Add,2
FAST_BITS,2
32,2
Used,2
acceleration,2
(2010-08-16),2
Giesen,2
catch,2
milliseconds,2
fbos's,2
particular,2
although,2
result;,2
increases,2
\images,\,2
Aurelien,2
clamp,2
generating,2
base,2
who,2
\name="\rendererMaster"\>\,2
\mode,\,2
other},2
scanlines,2
\triangle,\,2
fragment,2
unchanged,2
defining,2
inside,2
slower,2
saves,2
cones,2
animated,2
almost,2
extends,2
Only,2
cache,2
this;,2
1.30,2
know,2
pow(sphere->getPosition()->m_x,2
inverse,2
\below,\,2
cast-to-uint8,2
larger,2
items,2
device,2
\shape,\,2
unpremultiply,2
\logger::get()->log("\=====\,2
binds,2
\GLFW_PRESS,\,2
va_list,2
swapping,2
library,2
\name="\triggered"\>\,2
n_args;,2
Fabian,2
stay,2
jpegtran,2
well,2
beginning,2
eight,2
frees,2
I'm,2
stdio,2
unsigned,2
numbers,2
(define,2
...),2
distribution,2
perf,2
argument,2
applications,2
Weather,2
returning,2
slide,2
channels,2
replace,2
rather,2
Factor,2
audio,2
GLFW.JOYSTICK,2
1.26,2
Brown,2
regardless,2
Removes,2
unskewed,2
Dummer,2
pow(sphere->getPosition()->m_z,2
our,2
\va_start(ap,\,2
W,2
Jetro,2
consists,2
PD,2
comparisons,2
derived,2
anyway,2
CRC,2
coloured,2
Chun),2
available,2
inner,2
1.28,2
bogus,2
Attributes,2
inputs,2
starts,2
IO,2
Marc,2
Stops,2
Requests,2
fill,2
Blits,2
Clamps,2
blit,2
(2010-07-24),2
timers,2
handles,2
pass,2
build,2
<=,2
drivers,2
pow(m_position->x,2
reset,2
stbi_is_hdr,2
struct,2
*data,2
pow(m_position->z,2
testing,2
usually,2
free,2
*',2
comments,2
state,2
fitToScreen},2
channel;,2
slerp,2
responsible,2
\name="\vsync"\>\,2
\name="\lowerLimit"\>\,2
\y,\,2
1.08,2
Attenuation,2
buffering,2
allocates,2
framework::get()->getFpsLimit(),2
intersecting,2
intersect(distanceSquared,2
window's,2
\name="\event"\>\,2
spec),2
such,2
very,2
\name="\antialiasing"\>\,2
bounce,2
makefile,2
still,2
\name="\currentPosition"\>\,2
<p>GLFW,2
\name="\output"\>\,2
(see,2
during,2
enable,2
\x,\,2
0.95,2
jpegs,2
Flounder,2
\pixel,\,2
\inclusive,\,2
Determine,2
colors,2
*y,2
open,2
\x,y,z,w\,2
additive,2
DEFLATE,2
intensity,2
1.29,2
layouts,2
written,2
Classic,2
skewing,2
(Ben,2
1.33,2
\va_arg(ap,\,2
divide,2
go,2
\allowed,\,2
directly,2
Zemva,2
binary,2
\input,\,2
\restart,\,2
\red,\,2
Executed,2
pre-expansion,2
\name="\filterName"\>\,2
lookup,2
\(jpeg,\,2
multisampling,2
Starts,2
Lauha,2
simplices,2
\vaoID,\,2
slow,2
makes,2
2006-11-18,2
independent,2
progressive,2
\&y,\,2
\shader,\,2
empty,2
(m_position->z,2
skybox,2
gif,2
k,2
planes,2
PNGs,2
compressed,2
code),2
waves,2
later,2
report,2
\samples,\,2
\alpha,\,2
Fill,2
requested,2
assuming,2
strings,2
edge,2
\OK,\,2
\&n,\,2
equal,2
Create,2
reports,2
\GLFW_RELEASE,\,2
(not,2
Make,2
coordinates,2
maxcode,2
stuff,2
closed,2
previous,2
reported,2
(2011-07-13),2
tried,2
4;,2
enough,2
Can,2
(sphere->getPosition()->m_z,2
throw,2
*x,2
stbi,2
scale/biased,2
ap;,2
via,2
Lloyd,2
fourth,2
safety,2
vSync,2
crappy,2
\marker,\,2
right},2
platforms,2
\name="\shader"\>\,2
icon,2
magnitude,2
item,2
va_end(ap);,2
\name="\textures"\>\,2
Completes,2
running,2
frame,2
At,2
full,2
rectangular,2
Size:,2
\name="\fullscreen"\>\,2
degrees</b>,2
\name="\point"\>\,2
vertical,2
GLFW_REPEAT</p>,2
\name="\blend"\>\,2
*lot*,2
\128,\,2
Pro),2
int);,2
\loading,\,2
identifier,2
Does,2
fail,2
\name="\button"\>\,2
streaming,2
codes,2
lost,2
SpartanJ,2
defined,2
(Won,2
\name="\numberOfRows"\>\,2
non-alpha,2
arrays,2
lots,2
(2011-07-14),2
speed,2
ZLIB,2
blend,2
\MCU,\,2
<p>,2
loop,2
\"\8BPS"\\,2
right),2
multiplication,2
shortcut,2
\format,\,2
transparency,2
scene,2
filetypes,2
1.31,2
against,2
big,2
STBI_HEADER_FILE_ONLY,2
@TODO:,2
(this,2
1.27,2
\"\ryg"\\,2
negative,2
mask,2
unskewing,2
installable,2
revision,2
Axis,2
etc),2
ordering,2
\(x,y),\,2
(offset,2
aabbs,2
\name="\key"\>\,2
log,2
bad,2
deprecated,2
len,2
seperator,2
order:,2
+/-,2
An,2
OBJ,2
substring,2
n_args);,2
Very,2
adding,2
invert,2
extents,2
fallthrough,2
scanline,2
stop,2
trans_data,2
slightly,2
(from,2
columns,2
carries,2
0);,2
begin,2
resolved,2
Offset,2
listener,2
sound,2
Find,2
problem,2
\name="\attenuation"\>\,2
real,2
1.06,2
pow(m_position->y,2
stb_image,2
\name="\fpsLimit"\>\,2
1:,2
thread,2
warning/errors,2
1.32,2
overhead,2
circles,2
Rotation,2
removes,2
3*anemones.jpg,2
(2011-06-11),2
try,2
0:,2
\new,\,2
horizontal,2
(Laurent,2
calculating,2
Wenger),2
\name="\fragmentShader"\>\,2
required,2
Actions:,2
Extensions,2
\name="\joystick"\>\,2
below,2
127,2
<b>in,2
\scan,\,2
iphone,2
\name="\peak"\>\,2
modules,2
bll)))))));,2
\name="\textureID"\>\,2
screenspace,2
opengl,2
trivial,2
\Finally,\,2
non-fullscreen,2
allocate,2
\"\baseline"\\,2
safe,2
\name="\delta"\>\,2
1),2
(int)Math.floor(x),2
(currently,2
returned,2
either,2
started,2
added/removed,2
(int,2
\message,\,2
\name="\axis"\>\,2
literally,2
\fixes,\,2
expansion,2
listening,2
models,2
decimal,2
mod,2
\&x,\,2
matrix.</param>,2
\name="\indices"\>\,2
Processes,2
callback,2
disabled,2
Parse,2
\is,\,2
delayed,2
\bail,\,2
\name="\upperLimit"\>\,2
'n',2
definition,2
collision,2
preshifted,2
Else,2
\name="\timeOffset"\>\,2
following,2
\name="\repeat"\>\,2
\light,\,1
particleman@mollyrocket,1
m_01,1
shadows::get()->getShadowFactor());,1
64,1
adjusted,1
Details,1
Ulrich's,1
destroy,1
\backwards,\,1
cater,1
Targa,1
4-tuple,1
\B,\,1
imaginary,1
scroll,1
sentinel,1
BGRA,1
management,1
*s),1
std::vector<GLfloat>,1
3->4;,1
paste,1
\name="\goWireframe"\>\,1
user-friendly,1
y:,1
\noise,\,1
ones,1
PNG),1
computing,1
m_00,1
glEnable(GL_MULTISAMPLE);,1
locked,1
\transparency,\,1
Cb,1
(stbi_info),1
\m_maxExtents->m_y,\,1
\name="\glTarget"\>\,1
tool,1
\m_shader->loadUniform("\shadowPCF"\,\,1
form,1
static),1
\min},\,1
fields,1
outer,1
void,1
end),1
\glBufferData(GL_ARRAY_BUFFER,\,1
rid,1
glDisable(GL_MULTISAMPLE);,1
.HDR,1
replicated,1
FBO's,1
Each,1
steps,1
(optional),1
@param,1
quick,1
(m_position->y,1
cut,1
injection,1
transpose(Conjugate,1
0-360,1
log:,1
going,1
replaced,1
psd),1
modes.),1
looks,1
Shows,1
deviation,1
branch,1
moveDelta},1
\cares,\,1
http://ozviz.wasp.uwa.edu.au/~pbourke/dataformats/softimagepic/,1
stomps,1
\'test',\,1
assume,1
curve,1
DHT,1
Lower,1
distributed,1
\m_shader->loadUniform("\shadowDistance"\,\,1
len/nlen,1
\name="\agility"\>\,1
\m_minExtents->m_x,\,1
runs,1
\stbi_load(filename,\,1
support),1
1.05,1
trailing,1
m_02,1
my,1
...);,1
case:,1
user,1
\name="\load"\>\,1
stbi_gif_header,1
\"\skip"\\,1
compiler-friendly,1
(iPhone,1
\Schulz,\,1
\name="\zNear"\>\,1
m_radius;,1
consisting,1
shadows::get()->getShadowBias());,1
128),1
deltas,1
Polls,1
m_11,1
greater,1
right^-1),1
pad,1
convenience,1
\name="\v3"\>\,1
\valid,\,1
using:,1
history,1
m_filterBlurHorizontal->applyFilter(textures);,1
original,1
including),1
FBOs,1
vertexByteCount,1
CMYK,1
compared,1
(jpegs,1
g000,1
int/sampler2D,1
tangents,1
structure,1
non-zero,1
\yes,\,1
circle,1
\aabb->getMaxExtents()->y,\,1
recognized,1
\name="\far"\>\,1
features,1
Terminate,1
end-user,1
constants;,1
parameters:,1
\name="\target"\>\,1
FlounderEntities::get()->getEntities()->getAll(0).end();,1
spread,1
depends,1
shadows,1
receives,1
DRI,1
\m_shader->loadUniform("\brightnessBoost"\,\,1
THIS,1
\Barbiero,\,1
(reads,1
Ben,1
\memory,\,1
lightsLoaded++;,1
0.93,1
Splits,1
\name="\disabled"\>\,1
\req_comp=3,4\,1
TOP,1
it--but,1
lengths,1
\length,\,1
minZ);,1
std::vector<GLuint>());,1
explanation,1
console,1
\interpolated,\,1
bmp,1
v,1
primitives,1
equality,1
\System.getProperty("\os.name"\));\,1
lot,1
GRAD_3[gi000];,1
\GL_TEXTURE_CUBE_MAP},\,1
FlounderTextures.get().getAnisotropyLevel(),1
(default,1
scaling,1
(local,1
get_marker(),1
(skips,1
It's,1
color-based,1
*getRenderColour(colour,1
We're,1
wrapping,1
constructor,1
\involved,\,1
VBO,1
y-dimension,1
keywords,1
(unknown::const_iterator,1
stbi_tga_load(),1
GRAD_3[gi111];,1
OpenGl,1
pal_img_n,1
repacking,1
\name="\top"\>\,1
xi,1
shifts,1
flexible,1
\stb_zlib,\,1
\1<<17,\,1
128,1
-Wall,1
de-interlacing,1
compilers,1
std::string,1
(i.e,1
1<<12;,1
\chunk,\,1
passes,1
pair,1
-127,1
clip,1
sizes,1
however,1
Define,1
measure,1
epf,1
stbi_set_unpremultiply_on_load(1),1
End,1
main,1
\brief,\,1
g100,1
24-bit,1
Christopher,1
non-JFIF-compliant,1
screenshot,1
we’re,1
\aabb->getMinExtents()->y,\,1
\Green,\,1
\name="\v1"\>\,1
Dump,1
delay,1
bothered,1
(note,1
\name="\c"\>\,1
were,1
scales,1
wants,1
collder,1
(linear,1
un-needed,1
comment,1
true);,1
\aabb->getMaxExtents()->x,\,1
Valid,1
\LDR,\,1
\name="\stretch"\>\,1
(don't,1
\m_filterBloom2->applyFilter(textures[0],\,1
1-bit,1
Called,1
\min(bul,\,1
\specified),\,1
\strcmp,\,1
\table,\,1
\name="\data"\>\,1
data's,1
'req_comp',1
bizarre,1
include,1
therefor,1
mean,1
1.21,1
silently,1
pen,1
mcu's,1
Luminance,1
\aabb->getMinExtents()->x,\,1
/////////////////////////////////////////////////////,1
stbi_hdr_to_ldr_scale(1.0f);,1
dimension,1
\name="\title"\>\,1
\occur,\,1
mutable,1
trick,1
wtf,1
\temps,\,1
http://nothings.org/stb_image.c,1
mcu..,1
\m_aabb->extentsMax->set(maxX,\,1
glGetString(GL_VENDOR));,1
yj,1
shader/fbo,1
dest,1
follows:<br>,1
\m_aabb->extentsMin->set(minX,\,1
\STBI_NO_STDIO,\,1
\A,\,1
stereo,1
under,1
(that,1
AoS,1
progressive),1
\name="\progression"\>\,1
\name="\mean"\>\,1
Loop,1
64-entry,1
conjugate,1
m_pipelineGaussian->getOutput()->getColourTexture(0));,1
\Networking,\,1
Graphic,1
\grey,\,1
\anyway,\,1
Luminous,1
corruption,1
GRAD_3[gi001];,1
GRAD_3[gi101];,1
STBI_NO_HDR),1
\"\SpartanJ"\\,1
reader,1
traversal,1
AABB,1
non-HDR,1
\errors,\,1
IEnumerable,1
physical,1
sphere->getRadius(),1
dynamic_cast<float>(sqrt(distanceSquared)));,1
promoted,1
\header,\,1
(16-k),1
header-file-only,1
doubles,1
RGB;,1
stbi_failure_reason(),1
JVM,1
destinations,1
whatever,1
PNG..,1
Increases,1
seek,1
\subset,\,1
m_22,1
suggested,1
it--;,1
format:,1
run-length,1
\name="\attachments"\>\,1
\GLFW,\,1
Ryamond,1
animated-gif-only,1
\name="\initialValue"\>\,1
logarithmic,1
naive,1
give,1
(1,1
based,1
culling,1
\m_shader->loadUniform("\shadowMapSize"\,\,1
specific,1
GRAD_3,1
\name="\x1"\>\,1
\left,\,1
GRAD_3[gi110];,1
Woo,1
Modern:,1
\&data,\,1
match,1
\shader->getUniformVec3("\lightColour["\\,1
Pentium,1
pixelCount,1
bmp),1
1<<17,1
different,1
warranty,1
\aabb->getMinExtents()->z,\,1
timed,1
middle,1
Available,1
LIGHTS,1
composed,1
\thread,\,1
0.90,1
\Games,\,1
(either,1
repeats,1
packaged,1
b,1
on),1
(can,1
\logger::get()->log("\If\,1
(It's,1
hard,1
\name="\positionDelta"\>\,1
non-RLE,1
(Softimage,1
Box-Muller,1
(dynamic_cast<aabb*>(other),1
THREADSAFE,1
\long"\)\,1
\name="\limit"\>\,1
\name="\normal"\>\,1
stb_image_h__,1
\dequantizing-IDCT,\,1
game,1
data.size(),1
(composited,1
1.02,1
BACK,1
0.53,1
\name="\p3"\>\,1
IDATs,1
treat,1
fgetc(),1
10%,1
math,1
intervals,1
luminance,1
\x0,\,1
m_window;,1
loaders::get()->removeVAO(m_vaoID);,1
\name="\ray"\>\,1
0..31,1
\approach,\,1
2|3,1
\j,\,1
1.14,1
annoying,1
pixel:,1
(middle),1
LOD,1
checking,1
explicit,1
dword,1
\min(ful,\,1
Laurent,1
transparent,1
right-side,1
stencil,1
name/key,1
1.13,1
\that,\,1
'out':,1
-128..127,1
water,1
initaly,1
preserve,1
effects,1
x>y>z>w,1
upsample,1
MCU),1
1-component,1
\name="\density"\>\,1
perspective,1
Sum,1
top-left-most,1
block--see,1
unpacked,1
units,1
(as,1
Primarily,1
symbols,1
\63,\,1
\name="\shaderType"\>\,1
out.close();,1
press,1
http://softimage.wiki.softimage.com/index.php/INFO:_PIC_file_format,1
\numbers,\,1
Repeated,1
limits,1
six,1
room,1
temps,1
1.16,1
1.15,1
Ensures,1
\m_minExtents->m_y,\,1
Implementing,1
\files,\,1
variety,1
stb_image.c,1
\name="\line"\>\,1
What,1
6|7:,1
m_10,1
\logger::get()->log("\"\);\,1
Control,1
Lab,1
reasonable,1
able,1
eof,1
\(-c,-c,1-c)\,1
Next,1
\name="\error"\>\,1
\monochrome,\,1
http://nothings.org/remote/anemones.jpg,1
\name="\place"\>\,1
entries,1
future,1
record,1
YCbCr,1
mspaint,1
\name="\glfwMajor"\>\,1
\extras,\,1
(newWidth,1
persevered,1
joystick's,1
*getRenderCentre(vector3,1
x0<y0,1
\Ulrich,\,1
support:,1
malloc/realloc),1
\4,8,16,24,32-bit\,1
maxZ);,1
1.22,1
RLE-encoded,1
gradients,1
quality,1
local,1
Indexed,1
(reported,1
opaque,1
zigzag,1
happens,1
\quaternions,\,1
ex,1
Grayscale,1
did,1
tiny,1
reference,1
works,1
axis-angle,1
length;,1
aabb2->m_maxExtents,1
\name="\cubemap"\>\,1
LeBlanc,1
glGetInteger(GL_MAX_RENDERBUFFER_SIZE_EXT));,1
massive,1
purposes,1
require,1
You,1
amt,1
Copy,1
implementation:,1
non-clear,1
'out_stride',1
stbi_hdr_to_ldr_gamma(2.2f);,1
*getRenderScale(vector3,1
tells,1
\(1-c,-c)\,1
(tga),1
cleanup;,1
\max(flr,\,1
filling,1
g110,1
\name="\glPrimCount"\>\,1
Distance,1
dequantizing,1
said,1
\name="\pos"\>\,1
huffman;,1
We,1
\n_args,\,1
\stbi_load_from_file,\,1
'step',1
faces,1
worlds,1
\name="\zFar"\>\,1
pal_n,1
scalar),1
cover,1
2008-08-02,1
m_filterDarken->getFbo()->getColourTexture(0));,1
0.60,1
\=====\n"\);\,1
Logs,1
\injecting,\,1
g111,1
\maxY,\,1
1.24,1
\shader->getUniformVec3("\lightAttenuation["\\,1
MCU,1
upsampled,1
'output';,1
colorsused,1
supports,1
\name="\useMouse"\>\,1
sources,1
\documented,\,1
locals,1
\name="\glType"\>\,1
\zeroes,\,1
(David,1
2.2,1
\name="\stretchZ"\>\,1
block--,1
failure_reason,1
getting,1
represent,1
tRNS,1
\adj(T),\,1
'uint8',1
1.04,1
pass1_x[12],1
internal,1
0.55,1
Tells,1
converted,1
\(Red,\,1
255];,1
\cref="\BoundingRenderer"\/>\,1
n==3,1
pair-wise,1
\AIs,\,1
g001,1
Moore's,1
needs,1
clamped,1
traverse,1
P4,1
test/load,1
\min(fll,\,1
\name="\whitespace"\>\,1
resulting,1
\only,\,1
doing,1
(disable,1
g101,1
\minY,\,1
N=#comp,1
\m_shader->loadUniform("\shadowSpaceMatrix"\,\,1
\glBindBuffer(GL_ARRAY_BUFFER,\,1
bpp,1
\used,\,1
fetch,1
culled,1
deadband,1
framework::get()->setFpsLimit(60);,1
originally,1
15;,1
std::ofstream,1
playing,1
anisotropic,1
component;,1
specify,1
access,1
fades,1
33);,1
GRAD_3[gi100];,1
highest,1
(U+017D)emva),1
(Seconds),1
\name="\normals"\>\,1
\screen,\,1
sca,1
intel),1
\processors,\,1
`ratio',1
dynamic_cast<Sphere*>(other);,1
ahead,1
0.38,1
\zk,\,1
\s,\,1
xyz,1
blow),1
continuous,1
m_filterDarken->setFactorValue(__max(fabs(1.0f,1
glfwSetCursorPos,1
8x8,1
interface;,1
Whether,1
9060,1
w0,1
componentLight->getLight()->getAttenuation());,1
Raw,1
happy..,1
5,1
(2010-07-10),1
Bitmap,1
Duotone,1
convert-to-rgb,1
xy,1
\output,\,1
neither,1
\m_shader->loadUniform("\shadowBias"\,\,1
matrices),1
packets,1
across,1
\safe,\,1
cells,1
\(1,0)\,1
shadows::get()->getShadowDarkness(),1
Dec,1
format-conversion,1
handled,1
\name="\hasAlpha"\>\,1
System,1
oversized,1
zlib-style,1
directly;,1
\m_shader->loadUniform("\shadowTransition"\,\,1
32-bits,1
VAO's,1
*aabb,1
\prefixes,\,1
important,1
\(0,0)->(1,0)->(1,1)\,1
\"\eof"\\,1
Cr,1
Gomila,1
tetrahedron,1
(stbi_loader),1
\w,\,1
row-major,1
Hairy,1
preshift,1
countdown,1
necessarily,1
DCT_ISLOW,1
\PIC,\,1
Total,1
Determines,1
modeled,1
1.12,1
std::string(glfwGetVersionString()));,1
\width,\,1
Photoshop,1
brief,1
epuc,1
keyboards,1
\y0,\,1
dimensional,1
IDCTing,1
orthographic,1
\name="\startValue"\>\,1
integrated,1
m_20,1
invoked,1
STBI_NO_FAILURE_STRINGS,1
\name="\expandY"\>\,1
\name="\stretchY"\>\,1
reflection,1
says,1
QUICK,1
.PSD,1
PERM[i]=P[i,1
Endloop,1
m_duplicateVertex;,1
shown,1
\hidden,\,1
\(Seconds,\,1
Known,1
\m_filterCombine->setSlideSpace(m_blurFactor,\,1
exceeded,1
plenty,1
total;,1
1/det(A),1
recover,1
result);,1
1.09,1
1.17,1
predict,1
?!?!,1
built-in,1
limited,1
\height,\,1
Christpher,1
Clones,1
preference,1
No-op,1
1.23,1
APP,1
probably,1
g010,1
file;,1
whichever,1
Mode,1
);,1
messages,1
free(out),1
0.56,1
contexts,1
axis-aligned,1
\&n_args,\,1
\cref="\standards"\/>\,1
post-convert,1
cosine,1
'unsigned,1
loaders::storeInterleavedDataInVAO(GLuint,1
dc,1
(no,1
\(0,1,0)\,1
min;,1
\(1-c,-c,-c)\,1
1<<2,1
introduced,1
(#define,1
Buffer,1
\(-1,\,1
also,1
interpolated,1
box,1
end;,1
\false,\,1
Extensions:,1
m_filterBloom1->applyFilter(textures);,1
refix,1
4-vector,1
(point),1
share,1
\reason,\,1
converter,1
\1.0f,\,1
cb:,1
Update,1
'size',1
/////////////////////////////////////////////,1
(io,1
1<<31,1
life,1
There,1
\m_maxExtents->m_x,\,1
poorly,1
\tangents,\,1
splitting,1
\name="\frustum"\>\,1
PIC),1
\SCAN_header,\,1
c++,1
.344,1
\Imaging,\,1
faced,1
(bytes):,1
\loss,\,1
\ok,\,1
\name="\sep"\>\,1
history:,1
warnings:,1
aabb2->m_minExtents,1
Carries,1
r,1
skips,1
\0xff,\,1
containment,1
\filename,\,1
hitting,1
\IDCT,\,1
(found,1
(jpeg),1
statically,1
parse,1
vertices,1
Computing,1
format-specific,1
2-byte,1
\name="\texture"\>\,1
Use,1
dictionary,1
BOTTOM,1
m_radius,1
(3-sqrt(3))/6,1
(bad,1
\name="\edge0"\>\,1
nonzero,1
0.45f));,1
Always-Update,1
Chun,1
saw,1
unskew,1
combined,1
little,1
routines,1
\colour,\,1
E.g,1
failing,1
m_pipelineGaussian2->renderPipeline(m_pipelineGaussian1->getOutput()->getColourTexture(0));,1
boolean,1
color;,1
ac,1
\critical,\,1
*filename);,1
Simplex,1
separate,1
seen,1
developers,1
m_12,1
drain,1
below):,1
jidctint,1
stb,1
\appropriate"\\,1
\min(blr,\,1
VERY,1
recurse,1
std::to_string(type->m_shaderType),1
something,1
\name="\size2"\>\,1
>=,1
timings,1
Pure,1
4-channel),1
0.99,1
preceeded,1
\name="\standardDeviation"\>\,1
\m_shader->loadUniform("\shadowDarkness"\,\,1
pass1_x[5],1
obey,1
temporary,1
Resolve,1
Anisotropy:,1
\row,\,1
\aabb->getMaxExtents()->z,\,1
interlaced:,1
n),1
\(R,\,1
(exponent,1
thresholding,1
Selects,1
\(note,\,1
255;,1
normals,1
changes,1
immediately,1
7,1
per-pixel,1
1.11,1
0.61,1
preset,1
glGetString(GL_VERSION));,1
Play,1
\R,G,B\,1
next),1
nothing,1
bottom,1
tell,1
!STBI_NO_HDR,1
STB,1
per-component,1
simplify,1
Runtime.getRuntime().totalMemory());,1
////////////////////////////////////////////////////,1
didn't,1
shadows::get()->getShadowPCF());,1
query,1
(Interpret,1
tga_inverted,1
boundaries),1
\"\most\,1
\context,\,1
\min(fur,\,1
8-bit-per-channel,1
Post-Update,1
\GIF,\,1
clearly,1
bytes),1
undefined,1
stbi-1.33,1
GRAD_3[gi011];,1
\byte,\,1
SIMPLEX[c],1
2:,1
\Otherwise,\,1
\part,\,1
SIMD,1
Handles,1
color-convert,1
(2011-06-19),1
Trims,1
\name="\lodBias"\>\,1
due,1
glGetFloat(GL_MAX_TEXTURE_MAX_ANISOTROPY_EXT));,1
\m_blurFactor),\,1
x86,1
\max(fll,\,1
flush,1
\name="\vertices"\>\,1
(,1
(subset,1
DQT,1
slides,1
spaced,1
2-tuple,1
global,1
newHeight,1
completely,1
win,1
David,1
H,1
Operating,1
guarantees,1
(typically,1
Golini,1
Height,1
people,1
broken,1
cinfo,1
'0',1
cos,1
grid,1
FOV,1
'count',1
yet,1
Random,1
Woo),1
cameraDistance))},1
`fields',1
\"\read"\\,1
warns,1
\name="\p1"\>\,1
gamma,1
Configures,1
(pic),1
\STBI_HEADER_FILE_ONLY,\,1
usage;,1
m_21,1
pointing,1
pool,1
here),1
\arbitrarily,\,1
subsampling,1
RLE-compressed,1
\name="\scaleZ"\>\,1
interface:,1
fails,1
Must,1
pane,1
jpg,1
Truevision,1
values:,1
release,1
),1
backwards,1
System:,1
\https://github.com/Equilibrium-Games/Flounder-Engine/issues"\);\,1
\Extensions,\,1
\====="\);\,1
1.01,1
Standard,1
now:,1
irregular,1
channels),1
\otherwise,\,1
restart_interal,1
Centre,1
Computes,1
fifth,1
FILE,1
\name="\gradient"\>\,1
packs,1
SHOULD,1
\First,\,1
\pressed,\,1
quaternion.</param>,1
iphone-formatted,1
\channel,\,1
Blurred,1
\name="\reference"\>\,1
\G,\,1
\*x,\,1
STBI_SIMD),1
\"\uniform"\.length\,1
stbi_image_free,1
*componentLight,1
\gross,\,1
bilinearly,1
11,1
generated,1
(psd),1
resolution,1
\encoded,\,1
I'll,1
\BMP,\,1
componentLight->getLight()->getPosition());,1
GLsizei,1
v0.2,1
1.20,1
*writing*,1
\glGenBuffers(1,\,1
FlounderOpenGL.get().isModern());,1
(0.25,1
linked-list,1
\*y,\,1
stepped,1
\1<<12,\,1
agility,1
\min(flr,\,1
NOTES:,1
skew,1
3-tuple,1
g011,1
Upper,1
tweaked,1
sqrt(8),1
input[x],1
\interface,\,1
effective,1
encoding,1
(1.0f,1
lonesock;,1
PRIMARY,1
Limitations:,1
LEFT,1
65536,1
glDrawArraysInstancedARB,1
\name="\border"\>\,1
Rounds,1
STBI_SIMD,1
useMouse,1
multiplied,1
Note,1
y<w,1
axis-angle:,1
\"\moose2000"\\,1
operating,1
\performed,\,1
installable-idct,1
\"\input"\\,1
macros,1
\depth,\,1
warnings;,1
reduce,1
Optimizations,1
\"\C:/Users/mattp/Documents/Flounder/New-Kosmos/bin/"\\,1
Swap,1
\size,\,1
trimmed,1
\consistent,\,1
PCs,1
reason,1
dynamic_cast<AABB*>(other);,1
lower,1
\name="\increase"\>\,1
frameworks,1
cameraDistance),1
RGBE,1
ldexp,1
statement,1
feof(),1
\name="\attributeNumber"\>\,1
post-deflated,1
\(0,0)->(0,1)->(1,1)\,1
linearly,1
\name="\icon"\>\,1
\Legal,\,1
0.54,1
\isn't,\,1
No,1
\min(bur,\,1
Averages,1
(or,1
logs,1
6,1
\vertex,\,1
(tga_indexed),1
you're,1
out(i);,1
1.18,1
\glfwWindowHint(GLFW_SAMPLES,\,1
overridable,1
1.00,1
setting,1
seeing,1
unpremultiplication,1
\max(bur,\,1
\"\as-is"\\,1
1.34,1
connection,1
worth,1
MFAA,1
1;,1
\"\format"\\,1
aavv,1
(2010-07-17),1
\Luminance,Alpha\,1
stbi_image_free(data),1
C,1
\"\pixels"\\,1
3.0,1
discussion,1
nearest,1
\generation,\,1
systems,1
camera's,1
rename,1
FPS,1
are:,1
jon,1
vs,1
\name="\aspectRatio"\>\,1
Wenger,1
\m_filterCombine->applyFilter(textures[0],\,1
pending,1
toggling,1
(sphere->getPosition()->m_y,1
\name="\cursorY"\>\,1
\error,\,1
x<w,1
\name="\readBuffer"\>\,1
compiler,1
\name="\expand"\>\,1
lock-heavy,1
sphere->getRadius();,1
\weirdly,\,1
=========================,1
clean,1
termination,1
1000.0f),1
\name="\glfwMinor"\>\,1
\name="\clipPlane"\>\,1
\vector3::rotate,\,1
(should...),1
(2011-06-20),1
\name="\y2"\>\,1
(*comp,1
\type,\,1
glDrawArrays,1
region,1
\max(fur,\,1
glGetInteger(GL_MAX_TEXTURE_SIZE));,1
controller,1
entry,1
forum,1
attribute,1
randomly,1
table;,1
1.10,1
sent,1
\name="\to"\>\,1
\palette,\,1
TODO,1
threading,1
free(),1
file/data,1
decoded,1
combine,1
nearest-neighbor,1
resultant,1
\normal(0,1)\,1
(across,1
\name="\scaleY"\>\,1
0.58,1
Support,1
FRONT,1
9:,1
\x,y,n;\,1
\Alpha,\,1
options,1
build),1
These,1
sin,1
(radiance,1
Mixed,1
\name="\intersects"\>\,1
encode,1
subset),1
monitor,1
dynamic,1
-128,1
indicate,1
Fullscreen,1
reach,1
framework::get()->getVersion()->getVersion());,1
relative,1
filename,1
static_cast<ComponentLight*>((*entity)->getComponent(ComponentLight::typeid));,1
init,1
e,1
\shader->getUniformBool("\lightActive["\\,1
reconfigured,1
\2D,\,1
\blocks,\,1
\sources,\,1
_inverse_,1
\name="\customMouse"\>\,1
resources,1
(max-min)),1
First,1
\(hdr,\,1
partial,1
primary,1
increase,1
notate,1
handler,1
\4th),\,1
\non-1bpp,\,1
Stores,1
-len+1,1
past,1
Latest,1
recreates,1
m_filterDarken->applyFilter(m_pipelineGaussian2->getOutput()->getColourTexture(0));,1
shadows::get()->getBrightnessBoost());,1
-n+1,1
Instead,1
rounded,1
entropy-coded,1
m_filterBlurVertical->applyFilter(m_filterBlurHorizontal->getFbo()->getColourTexture(0));,1
flat,1
Texture,1
could,1
(rand.nextDouble(),1
\1<<3,\,1
setup,1
\name="\coordSize"\>\,1
period,1
(copying,1
grisha),1
depalettized,1
1<<30,1
interfaces,1
Exponent,1
\name="\v2"\>\,1
let's,1
\(-c,1-c)\,1
\stbi_loadf(filename,\,1
click,1
\glVertexAttribPointer(i,\,1
++entity),1
\name="\coneDirection"\>\,1
Adjusts,1
tasks,1
m_pipelineGaussian2->setScaleValue(1.25f);,1
JPEG/PNG,1
bring,1
progression,1
(The,1
loads,1
YX,1
\name="\depthMask"\>\,1
\'extend',\,1
https://en.wikipedia.org/wiki/Box%E2%80%93Muller_transform,1
\name="\near"\>\,1
cases;,1
behind,1
not-accelerated,1
cmf,1
subsystems,1
\name="\sizeScalar"\>\,1
glDrawElements,1
0.50,1
ghetto,1
\XY,\,1
why,1
precision,1
92,1
'1'..'4',1
locations,1
matrix4x4::rotate,1
verbose,1
Ulrich,1
(Raymond,1
1.0,1
\name="\rotationAxis"\>\,1
\general,\,1
planes*value,1
callback-based,1
(entities::get()->getEntities(),1
direction,1
GLFW_DONT_CARE,1
Limits,1
restart_interval,1
Vendor:,1
nlen,1
own,1
sscanf(),1
\yep,\,1
\values,\,1
\name="\worldSpace"\>\,1
bitstream,1
int.),1
MSbits,1
type-specific,1
1.19,1
reflected,1
\png,\,1
8:,1
(gif),1
i<512;,1
field,1
EPS,1
occured,1
strtok,1
dequantize[x],1
data[x],1
0.52,1
chunk,1
(linear),1
Barbiero,1
fixing,1
3:,1
\words,\,1
RIGHT,1
BGR,1
#7,1
order[],1
Deletes,1
ryg),1
jfif-centered,1
'void,1
of),1
dense,1
text,1
4|5,1
memory-decode,1
compression,1
bmps..,1
\max(bul,\,1
fast-way,1
Where,1
queried,1
unlimited,1
\gifs,\,1
\requests,\,1
16;,1
\sizeof(GLfloat),\,1
AC,1
(smaller,1
SOF),1
PNG-extensions,1
floor,1
is-hdr-or-not,1
except,1
millions,1
globals,1
might,1
'firstcode',1
\name="\alpha"\>\,1
maybe,1
generically,1
Microsoft's,1
cross,1
several,1
\name="\time"\>\,1
hairy,1
expecting:,1
\sample,\,1
Third,1
JPEG/JFIF,1
\stb_image.h,\,1
\name="\fov"\>\,1
may,1
\normals,\,1
depending,1
weather,1
bit-packed,1
componentLight->getLight()->getColour());,1
Second,1
approach,1
conditional,1
\name="\initialized"\>\,1
snaps,1
frustum's,1
\name="\y1"\>\,1
Common,1
2.8Ghz,1
inefficiency,1
\name="\expandZ"\>\,1
VC6,1
*comp',1
rounding,1
taken,1
sub,1
\name="\cull"\>\,1
1.03,1
enum,1
32-bit,1
supported,1
\right,\,1
STBI_FAILURE_USERMSG,1
variables!),1
prefix,1
'int,1
output;,1
ES,1
v0.10,1
warning-fixes,1
cone,1
performed,1
\buffer,\,1
Key,1
\m_deltaUpdate->getChange(),\,1
filter-like,1
equilateral,1
cinfo)..,1
shadows::get()->getShadowSize());,1
markers,1
\name="\enable"\>\,1
top-left,1
Sphere,1
exception,1
rely,1
Wrap,1
ASCII,1
start_xxx,1
\(0,1)\,1
screenStart,1
integration,1
internally,1
(cameraDistance,1
\i,\,1
series,1
small,1
boundings,1
(dynamic_cast<Sphere*>(other),1
\Luminous,Alpha\,1
LDR,1
client,1
screen),1
IP,1
1D,1
g,1
pixel--one,1
bugfix,1
blue,1
bump,1
looking,1
dynamically,1
Contributors,1
1.0f);,1
filepath,1
cached,1
\BMP,PSD,HDR,PIC\,1
endian,1
\name="\drawBuffer"\>\,1
(lightsLoaded,1
\name="\size1"\>\,1
interpolates,1
Blow,1
complicated,1
#defines,1
blocking,1
low-level,1
\name="\z1"\>\,1
multiply,1
alpha=255,1
\maths::almostEqual(m_timerUpdate->getInterval(),\,1
tga_alpha_bits,1
perform,1
GL_TEXTURE_2D},1
SOS,1
\name="\waterHeight"\>\,1
resizable,1
(2010-07-12),1
samples);,1
stbi_ldr_to_hdr_gamma(2.2f);,1
\blue,\,1
\1-component,\,1
detection,1
Intentionally,1
pt,1
\name="\updater"\>\,1
m_pipelineGaussian->renderPipeline(m_filterBloom1->getFbo()->getColourTexture(0));,1
shadows::get()->getShadowBoxDistance());,1
64-bit,1
corresponding,1
\huffman,\,1
#define,1
VBO's,1
Windows,1
\malloced,\,1
resampling,1
Won,1
Darken,1
\name="\eps"\>\,1
\factor,\,1
unzigzag'd,1
community,1
counting,1
conceptually,1
mcu,1
designed,1
working,1
description,1
hres,1
0.94,1
\so,\,1
appropriately),1
mipmapping,1
variant,1
0.51,1
canonical,1
10.0),1
But,1
`pad',1
explain,1
noop,1
blendFactor,1
\(-c,1-c,-c)\,1
\BGR,\,1
mods,1
generic,1
duplicated,1
\all,\,1
Manually,1
easily,1
\name="\filepath"\>\,1
fopen(),1
Paletted,1
\Also,\,1
gameloop,1
Load,1
vsync,1
\paths,\,1
(reports,1
large,1
operations,1
pass1_x[4],1
\name="\expandX"\>\,1
\"\#include"\.length\,1
Bug,1
z0,1
high-quality,1
\shader->getUniformVec3("\lightPosition["\\,1
io,1
command,1
preferred,1
accomidate,1
Keys,1
0.92,1
irenderers,1
png),1
\angle,\,1
\x<z,\,1
floating,1
or'ing,1
simplicity;,1
0.5,1
Memory,1
range:,1
align,1
GL_STATIC_DRAW);,1
Kamera,1
increasing,1
\"\info"\\,1
>>,1
shadows::get()->getShadowTransition());,1
Microsoft/Windows,1
those,1
zlib-from-memory,1
assumes,1
GLSL,1
native,1
normally,1
_would_,1
YCbCr-to-RGB,1
Module,1
op,1
mmx/sse,1
fit,1
though,1
\GL_FLOAT,\,1
holds,1
stbi_ldr_to_hdr_scale(1.0f);,1
\m_maxExtents->m_z,\,1
1.07,1
(samples,1
\max},\,1
listen,1
\name="\p2"\>\,1
stop_file(stbi,1
\uniform(0,1)\,1
structurally,1
sqrt(distanceSquared));,1
non-spec,1
set-of,1
they're,1
adj(T),1
iMCU,1
memset(,1
\in,\,1
Pre-Update,1
falls,1
GRAD_3[gi010];,1
\x,y,z\,1
\distribution,\,1
\vertexByteCount,\,1
\name="\scaleX"\>\,1
\LeBlanc,\,1
cube,1
prediction,1
\name="\z2"\>\,1
>9,1
runner,1
Horde3D,1
eventually,1
individual,1
content,1
inv(A),1
\value},\,1
risk,1
0.57,1
spacing,1
Basic,1
implement,1
quantization,1
precessing,1
FlounderEntities::get()->getEntities()->getAll(0).begin();,1
Compute,1
\m_loaded->insert(result,\,1
factors,1
Java,1
XZ,1
IJL11.dll:,1
application,1
\name="\x2"\>\,1
vertically,1
\up,\,1
0.59,1
stbi_is_hdr(char,1
(always,1
Many,1
proc=PPro),1
ebd,1
\name="\edge1"\>\,1
(only,1
type->m_processedString;,1
interleave,1
wherever,1
details),1
SOF,1
Free,1
\"\unsigned\,1
CLAMP,1
\has,\,1
0.97,1
V,1
code_buffer,1
7:,1
Matrix),1
photoshop,1
permutations,1
\name="\stretchX"\>\,1
having,1
put,1
<T>,1
\(resolution,\,1
Aruelien,1
optimized,1
parallel,1
cr:,1
(untested),1
\range,\,1
speedup,1
std::vector<GLfloat>&,1
initially,1
\x,y\,1
m_name,1
Fourth,1
implied;,1
\out,\,1
Descriptor,1
ComponentLight,1
\true,\,1
IJG),1
\(Z,\,1
Replaces,1
ordinary,1
formal,1
remapped,1
for(int,1
'receive',1
optimal,1
aliasing,1
smaller,1
technique,1
*getRenderRotation(vector3,1
take,1
x86),1
RGB),1
implementation),1
control,1
validate,1
After,1
componentLight,1
Comment,1
1.25,1
stbi_bmp_load(),1
rotates,1
*comp=4,1
'data',1
Martin,1
shadows::get()->getToShadowMapSpaceMatrix());,1
upper,1
(compiled,1
hack,1
revisions:,1
Sends,1
f,1
Frame,1
high,1
coded,1
determined,1
finding,1
(1|2|3|4|5|6|7)==0,1
1/6,1
\"\Disch"\\,1
\data.data(),\,1
overflow,1
rays,1
*getRenderModel(),1
handing,1
\NULL,\,1
&result);,1
16x16,1
\Additionally,\,1
\stbi_convert_iphone_png_to_rgb(0),\,1
FlounderFBOs.get().getMaxFBOSize(),1
sizeof,1
processor=Pro,1
\movement,\,1
\m_minExtents->m_z,\,1
merge,1
\name="\bottom"\>\,1
nasty,1
(full,1
screenshots,1
format),1
back-faces,1
feedback,1
help,1
ever,1
callbacks),1
decompress/filter,1
\down,\,1
\name="\task"\>\,1
m_pipelineGaussian1->renderPipeline(textures);,1
LEAs,1
pointed,1
*sphere,1
FlounderFBOs.get().getMaxFBOSize()),1
verifyMove,1
shifted,1
STBI_INCLUDE_STB_IMAGE_H,1
(8,1
'firstsymbol',1
\name="\endValue"\>\,1
i=0;,1
\Blue,\,1
Modules,1
calc,1
IJG's,1
rgbE,1
aka,1
please,1
produce,1
.TIFF,1
character,1
'255',1
Multichannel,1
stbi_image,1
\coordinates,\,1
'test',1
Initializes,1
n+1,1
tables,1
above:,1
\time,\,1
\name="\cursorX"\>\,1
Reads,1
upfront,1
\not),\,1
============================,1
\Colours,\,1
\name="\screenStart"\>\,1
streams,1
'slow',1
OpenAL,1
suppress,1
\max(ful,\,1
timer),1
horizontally,1
impossible,1
\max(blr,\,1
so:,1
common,1
throughout,1
len+1,1
whilst,1
\delta,\,1
optimizing,1
vres,1
exitting,1
minimum,1
extremely,1
\name="\tangents"\>\,1
\vertices,\,1
simplifying,1
\(1,0,0)\,1
acts,1
0.91,1
\"\.glsl"\;\,1
unfriendly,1
simplified/shrunk,1
\vector,\,1
defaulting,1
*only*,1
problematic,1
0.96,1
\interval,\,1
4:,1
GLEW,1
\(0,0,1)\,1
qualifiers,1
while,1
\parameters,\,1
[8^(,1
nominally,1
storeInterleavedDataInVAO(GLuint,1
total);,1
